{"cameraMode":{"drawMode":0,"name":"Shaded","section":"Shading Mode"},"sceneLighting":true,"audioPlay":false,"sceneViewState":{"m_AlwaysRefresh":false,"showFog":true,"showSkybox":true,"showFlares":true,"showImageEffects":true,"showParticleSystems":true,"showVisualEffectGraphs":true,"m_FxEnabled":true},"in2DMode":false,"pivot":{"x":-1.62186598777771,"y":4.609103679656982,"z":-10.313677787780762},"rotation":{"x":0.09373821318149567,"y":-0.023263094946742059,"z":0.002179499249905348,"w":0.9953542351722717},"size":1.4708958864212037,"orthographic":false}