{"cameraMode":{"drawMode":0,"name":"Shaded","section":"Shading Mode"},"sceneLighting":true,"audioPlay":false,"sceneViewState":{"m_AlwaysRefresh":false,"showFog":true,"showSkybox":true,"showFlares":true,"showImageEffects":true,"showParticleSystems":true,"showVisualEffectGraphs":true,"m_FxEnabled":true},"in2DMode":false,"pivot":{"x":-0.34674400091171267,"y":1.2204461097717286,"z":-0.3578615188598633},"rotation":{"x":0.21080009639263154,"y":-0.004399649798870087,"z":0.0009459477150812745,"w":0.9775036573410034},"size":4.946193218231201,"orthographic":false}